,bacteria-1-E,bacteria-2-E,bacteria-3-E,bacteria-4-E,bacteria-5-E,bacteria-6-E,bacteria-7-E,bacteria-8-E,bacteria-9-P,bacteria-10-P,bacteria-11-P,bacteria-12-P,bacteria-13-P,bacteria-14-P,bacteria-15-P,bacteria-16-P,bacteria-17-S,bacteria-18-S,bacteria-19-S,bacteria-20-S,bacteria-21-S,bacteria-22-S,bacteria-23-S,bacteria-24-S
aaaa,0.0074,0.0077,0.0084,0.0077,0.0073,0.0075,0.0075,0.0071,0.0098,0.0093,0.0094,0.0097,0.0114,0.0119,0.0126,0.011,0.0078,0.0084,0.0087,0.0084,0.0077,0.0075,0.0073,0.0078
aaac,0.0052,0.0053,0.0056,0.0055,0.0055,0.0054,0.0057,0.0051,0.0042,0.0045,0.0042,0.0046,0.005,0.005,0.0056,0.0049,0.0047,0.0049,0.0053,0.0053,0.0052,0.0053,0.0049,0.0049
aaag,0.0051,0.0051,0.0051,0.0047,0.0045,0.0047,0.0051,0.005,0.0087,0.0083,0.0088,0.0084,0.01,0.0103,0.0106,0.01,0.0052,0.0052,0.005,0.0046,0.0044,0.0046,0.005,0.0052
aaat,0.0053,0.0055,0.0062,0.0058,0.0056,0.0053,0.0054,0.0053,0.0081,0.0071,0.0069,0.0072,0.0077,0.0081,0.008,0.0075,0.0051,0.0055,0.0058,0.0056,0.0052,0.0049,0.005,0.0054
aaca,0.0042,0.0045,0.005,0.005,0.0048,0.0051,0.0046,0.0045,0.0038,0.0043,0.0042,0.0045,0.0047,0.005,0.0055,0.0049,0.0036,0.0036,0.0042,0.0043,0.0041,0.0042,0.0039,0.0039
aacc,0.0043,0.0045,0.0043,0.0044,0.0045,0.0047,0.0045,0.004,0.0031,0.0037,0.0034,0.0037,0.0036,0.0037,0.004,0.0038,0.0037,0.0038,0.004,0.0042,0.0041,0.0043,0.004,0.0039
aacg,0.0052,0.0052,0.0052,0.0052,0.0053,0.0057,0.0053,0.0051,0.0021,0.0023,0.0024,0.0025,0.0026,0.0022,0.0024,0.0022,0.0052,0.0052,0.0053,0.0054,0.0057,0.0056,0.0053,0.0048
aact,0.0034,0.0033,0.0036,0.0035,0.0033,0.0035,0.0035,0.0033,0.0061,0.0065,0.0065,0.0062,0.0067,0.0064,0.0068,0.0066,0.0028,0.0028,0.0031,0.0029,0.0029,0.0029,0.0028,0.003
aaga,0.0038,0.0037,0.0038,0.0034,0.0035,0.0036,0.0038,0.0038,0.0089,0.008,0.0084,0.0082,0.0101,0.0104,0.0102,0.0101,0.0037,0.0035,0.0034,0.0032,0.003,0.0033,0.0035,0.0037
aagc,0.0044,0.0043,0.0041,0.0042,0.0041,0.0042,0.0044,0.0043,0.0047,0.0047,0.0051,0.0049,0.0051,0.0053,0.0052,0.0054,0.0044,0.0045,0.0046,0.004,0.0042,0.0043,0.0042,0.0043
aagg,0.0031,0.0031,0.0031,0.0027,0.0026,0.0027,0.003,0.0031,0.0064,0.0059,0.006,0.0062,0.007,0.0066,0.0065,0.0065,0.0031,0.0031,0.003,0.0027,0.0024,0.0027,0.003,0.0031
aagt,0.0029,0.0029,0.0029,0.0026,0.0026,0.0027,0.0027,0.003,0.0062,0.006,0.0062,0.0056,0.0061,0.0064,0.0062,0.0061,0.0026,0.0025,0.0023,0.0023,0.002,0.0022,0.0023,0.0026
aata,0.0041,0.0044,0.005,0.0048,0.0045,0.0045,0.0044,0.0044,0.0068,0.0066,0.0067,0.0067,0.0075,0.0075,0.0079,0.007,0.0042,0.0047,0.0055,0.0052,0.0049,0.0045,0.0046,0.0047
aatc,0.0041,0.0044,0.0046,0.0048,0.0046,0.0045,0.0046,0.0044,0.0042,0.0043,0.0044,0.0043,0.0043,0.0043,0.0042,0.0044,0.0038,0.004,0.0043,0.0045,0.0045,0.0044,0.0039,0.004
aatg,0.0044,0.0046,0.0052,0.005,0.0047,0.0044,0.0045,0.0044,0.0053,0.005,0.0047,0.005,0.0049,0.0052,0.0049,0.0052,0.0043,0.0046,0.0047,0.0044,0.0041,0.004,0.0042,0.0047
aatt,0.004,0.004,0.0048,0.0047,0.0043,0.0043,0.0038,0.004,0.0083,0.0078,0.0073,0.0073,0.008,0.0085,0.0087,0.0082,0.0038,0.0037,0.0041,0.0042,0.0037,0.0036,0.0034,0.0038
acaa,0.0033,0.0034,0.0038,0.0039,0.0036,0.0039,0.0034,0.0033,0.004,0.0045,0.0044,0.0047,0.0048,0.0052,0.0053,0.0049,0.0026,0.0028,0.0034,0.0034,0.0032,0.0032,0.0028,0.003
acac,0.0021,0.0021,0.0024,0.0026,0.0027,0.0027,0.0023,0.0021,0.0017,0.0018,0.0017,0.002,0.0019,0.002,0.0021,0.002,0.0018,0.0017,0.002,0.0021,0.0023,0.0022,0.0018,0.002
acag,0.0034,0.0037,0.0039,0.0036,0.0035,0.0036,0.0035,0.0037,0.0022,0.0023,0.0022,0.0026,0.0027,0.0029,0.0028,0.0028,0.0035,0.0034,0.0036,0.0036,0.0037,0.0037,0.0034,0.0038
acat,0.0029,0.0029,0.0032,0.0034,0.0032,0.0031,0.0031,0.003,0.0035,0.0035,0.0034,0.0035,0.0036,0.004,0.004,0.0038,0.0026,0.0026,0.0032,0.0032,0.003,0.0031,0.0026,0.0029
acca,0.0046,0.005,0.005,0.0055,0.0057,0.0058,0.0051,0.0046,0.0025,0.0028,0.0028,0.003,0.0028,0.003,0.0032,0.0032,0.0038,0.0039,0.0042,0.005,0.0049,0.005,0.0042,0.004
accc,0.0025,0.0025,0.0026,0.0027,0.0027,0.0029,0.0027,0.0025,0.0022,0.0022,0.0022,0.0024,0.0025,0.0026,0.0028,0.0028,0.0023,0.0023,0.0025,0.0027,0.0026,0.0027,0.0026,0.0025
accg,0.0054,0.0055,0.0049,0.0054,0.0056,0.0055,0.0058,0.0053,0.0009,0.0009,0.0009,0.0011,0.0008,0.0009,0.0009,0.001,0.0053,0.005,0.005,0.0055,0.0058,0.0055,0.0052,0.0048
acct,0.0029,0.0027,0.0028,0.0029,0.003,0.0032,0.003,0.0027,0.0033,0.0038,0.0038,0.0036,0.0035,0.0036,0.0037,0.0039,0.0026,0.0024,0.0027,0.0028,0.0027,0.003,0.0028,0.0028
acga,0.0031,0.0029,0.0028,0.003,0.0031,0.0036,0.0031,0.003,0.0018,0.0019,0.002,0.002,0.002,0.0018,0.0019,0.0018,0.0033,0.0032,0.003,0.0032,0.0032,0.0034,0.0032,0.0031
acgc,0.0052,0.0056,0.005,0.0058,0.0061,0.0063,0.0061,0.0054,0.0008,0.0009,0.0011,0.001,0.001,0.0009,0.0009,0.0011,0.0056,0.0058,0.006,0.0067,0.0071,0.0069,0.0063,0.0052
acgg,0.0041,0.0039,0.0038,0.0038,0.0039,0.004,0.0038,0.004,0.0012,0.0013,0.0013,0.0015,0.0014,0.0013,0.0013,0.0011,0.0047,0.0044,0.0039,0.0039,0.0044,0.0044,0.0043,0.0043
acgt,0.0033,0.0032,0.0031,0.0029,0.0031,0.0032,0.0031,0.0031,0.0017,0.002,0.0019,0.0021,0.0019,0.0017,0.0018,0.0018,0.0032,0.0032,0.0031,0.003,0.0031,0.0032,0.0032,0.0033
acta,0.0014,0.0013,0.0015,0.0014,0.0015,0.0015,0.0014,0.0012,0.0036,0.0036,0.0038,0.0034,0.0036,0.0039,0.0036,0.0036,0.0013,0.0014,0.0015,0.0014,0.0014,0.0013,0.0014,0.0015
actc,0.002,0.0019,0.0021,0.0022,0.0022,0.0022,0.0022,0.002,0.0035,0.0038,0.0039,0.0039,0.0037,0.0037,0.0041,0.0039,0.0016,0.0016,0.0019,0.0021,0.002,0.002,0.0015,0.002
actg,0.0046,0.0045,0.0047,0.0047,0.0043,0.0041,0.0042,0.0042,0.0028,0.0028,0.0026,0.0027,0.0027,0.0028,0.0027,0.0029,0.004,0.0038,0.004,0.0038,0.0036,0.0038,0.0038,0.0041
actt,0.0027,0.0026,0.0029,0.003,0.003,0.0031,0.0027,0.0026,0.0061,0.0061,0.0063,0.006,0.0064,0.0062,0.0061,0.006,0.0021,0.0021,0.0024,0.0024,0.0026,0.0025,0.0021,0.0025
agaa,0.0038,0.0039,0.004,0.004,0.0039,0.0041,0.0041,0.0041,0.0091,0.0082,0.0084,0.0081,0.0101,0.0101,0.0107,0.0097,0.0034,0.0034,0.0035,0.0036,0.0033,0.0036,0.0035,0.0039
agac,0.0023,0.0022,0.0022,0.0022,0.0023,0.0025,0.0023,0.0023,0.0026,0.0026,0.0025,0.0025,0.0028,0.0029,0.0028,0.0027,0.0024,0.0024,0.0024,0.0023,0.0025,0.0028,0.0023,0.0025
agag,0.0024,0.0023,0.0025,0.002,0.0023,0.0024,0.0023,0.0026,0.007,0.0063,0.0065,0.0068,0.0081,0.008,0.0075,0.008,0.0023,0.0024,0.0022,0.0019,0.002,0.0023,0.0022,0.0025
agat,0.0035,0.0036,0.0036,0.0034,0.0035,0.0035,0.0037,0.0038,0.0052,0.0048,0.0048,0.0051,0.006,0.0059,0.006,0.0056,0.0033,0.0033,0.0032,0.0033,0.0033,0.0034,0.0033,0.0036
agca,0.0047,0.005,0.005,0.0051,0.0053,0.0052,0.0049,0.0049,0.0036,0.0036,0.0035,0.0038,0.0042,0.0043,0.0048,0.0048,0.0041,0.0043,0.0041,0.0046,0.0044,0.0046,0.0042,0.0044
agcc,0.0037,0.0037,0.0035,0.0039,0.004,0.004,0.0039,0.0038,0.0028,0.0031,0.003,0.0033,0.0035,0.0033,0.0034,0.0033,0.0038,0.0039,0.0038,0.0042,0.0042,0.0041,0.0039,0.0037
agcg,0.0058,0.006,0.0053,0.0055,0.006,0.0055,0.0058,0.0061,0.0013,0.0014,0.0017,0.0018,0.0015,0.0015,0.0015,0.0014,0.007,0.0069,0.0064,0.0067,0.0072,0.0067,0.0068,0.0063
agct,0.003,0.0028,0.0027,0.0026,0.0028,0.003,0.003,0.003,0.0063,0.0061,0.0064,0.0062,0.0064,0.0062,0.0064,0.0063,0.003,0.0028,0.0028,0.0028,0.0029,0.0031,0.0029,0.0031
agga,0.0022,0.0025,0.0026,0.0023,0.0024,0.0025,0.0023,0.0025,0.0065,0.006,0.0064,0.0067,0.007,0.0071,0.0072,0.007,0.0025,0.0026,0.0026,0.0024,0.0023,0.0025,0.0025,0.0028
aggc,0.0039,0.0038,0.0035,0.0034,0.0035,0.0033,0.0036,0.004,0.0032,0.0029,0.0032,0.003,0.0032,0.0033,0.003,0.0034,0.0043,0.0043,0.0039,0.0039,0.0039,0.0039,0.0043,0.0042
aggg,0.0022,0.0024,0.0022,0.0015,0.0016,0.0017,0.0018,0.0023,0.0052,0.0044,0.0043,0.005,0.0046,0.004,0.004,0.0039,0.0025,0.0026,0.0022,0.0017,0.0017,0.0018,0.0021,0.0025
aggt,0.003,0.003,0.0029,0.0027,0.0027,0.0028,0.0029,0.0032,0.0038,0.0037,0.0037,0.0038,0.0039,0.0036,0.0035,0.0036,0.0029,0.0028,0.0027,0.0027,0.0026,0.0028,0.0027,0.0031
agta,0.0021,0.0024,0.0024,0.0022,0.0023,0.0023,0.0023,0.0023,0.0038,0.0039,0.0041,0.0038,0.0039,0.0043,0.0044,0.0039,0.0022,0.0023,0.0025,0.0023,0.0022,0.0022,0.0021,0.0024
agtc,0.0019,0.0021,0.0021,0.002,0.002,0.0021,0.002,0.002,0.0024,0.0025,0.0026,0.0025,0.0027,0.0026,0.0024,0.0026,0.002,0.0021,0.002,0.0021,0.002,0.0021,0.0019,0.002
agtg,0.0032,0.0031,0.0032,0.0028,0.0026,0.0027,0.0026,0.0032,0.0035,0.0034,0.0032,0.0032,0.0034,0.0035,0.0033,0.0032,0.0025,0.0024,0.0022,0.002,0.0018,0.0021,0.0022,0.0026
agtt,0.0033,0.0036,0.0036,0.0035,0.0036,0.0034,0.0032,0.0036,0.0068,0.0067,0.0063,0.006,0.0067,0.0065,0.0064,0.0066,0.0029,0.0029,0.003,0.0028,0.0029,0.0031,0.0027,0.0029
ataa,0.0043,0.0046,0.0051,0.0052,0.0047,0.0046,0.0048,0.0048,0.0065,0.0069,0.0067,0.0068,0.0072,0.0073,0.0076,0.0069,0.0046,0.0049,0.0056,0.0055,0.0049,0.0047,0.0048,0.005
atac,0.0027,0.0028,0.003,0.0028,0.0029,0.003,0.0029,0.0028,0.0032,0.0031,0.0031,0.0032,0.0032,0.0038,0.0037,0.0035,0.0031,0.003,0.0034,0.0035,0.0033,0.0034,0.003,0.0032
atag,0.0018,0.002,0.0022,0.0022,0.002,0.002,0.002,0.0021,0.005,0.0047,0.0049,0.0049,0.0056,0.0052,0.0054,0.0047,0.0022,0.0026,0.0027,0.0026,0.0026,0.0025,0.0023,0.0023
atat,0.004,0.004,0.0045,0.0042,0.004,0.004,0.004,0.0039,0.0056,0.0058,0.0056,0.0056,0.0058,0.0061,0.0062,0.0058,0.0043,0.0041,0.0048,0.0044,0.004,0.0038,0.004,0.0044
atca,0.0052,0.0057,0.006,0.0063,0.0063,0.0062,0.0062,0.0057,0.0033,0.0036,0.0037,0.0037,0.0036,0.0035,0.0039,0.0041,0.0048,0.0051,0.0053,0.0059,0.0056,0.0056,0.0051,0.0051
atcc,0.0038,0.0037,0.004,0.004,0.0041,0.0041,0.0041,0.0038,0.0043,0.0045,0.0044,0.0044,0.0043,0.0043,0.0043,0.0044,0.0037,0.0036,0.0041,0.0045,0.0044,0.0043,0.004,0.0039
atcg,0.0052,0.0051,0.0049,0.0055,0.0054,0.0055,0.0054,0.0052,0.0015,0.0016,0.0018,0.0017,0.0015,0.0015,0.0015,0.0015,0.0053,0.0052,0.0053,0.0057,0.0061,0.0057,0.0055,0.005
atct,0.0034,0.0034,0.0035,0.0033,0.0034,0.0036,0.0036,0.0036,0.0059,0.0057,0.0058,0.0054,0.0052,0.0052,0.0052,0.0055,0.0033,0.0033,0.0034,0.0033,0.0033,0.0033,0.0034,0.0034
atga,0.0045,0.0045,0.0049,0.0045,0.0042,0.0042,0.0045,0.0044,0.0049,0.0047,0.0047,0.0049,0.0049,0.0053,0.0049,0.005,0.0048,0.0046,0.0046,0.0041,0.0039,0.0042,0.0045,0.0047
atgc,0.0049,0.0047,0.0048,0.0048,0.0047,0.0045,0.0046,0.0045,0.0033,0.0029,0.0028,0.003,0.003,0.0031,0.0031,0.0031,0.0046,0.0046,0.0046,0.0044,0.0044,0.0043,0.0046,0.0046
atgg,0.0046,0.0043,0.0046,0.004,0.0039,0.0039,0.0042,0.0043,0.0043,0.0039,0.0037,0.0042,0.0042,0.0042,0.0042,0.0039,0.0048,0.0048,0.0044,0.0037,0.0036,0.0038,0.0046,0.0047
atgt,0.0032,0.0031,0.0032,0.003,0.003,0.003,0.0029,0.0032,0.0044,0.004,0.0038,0.0037,0.0034,0.0038,0.0035,0.0037,0.0032,0.0031,0.0031,0.0028,0.0025,0.0029,0.0029,0.0032
atta,0.0041,0.004,0.0048,0.0045,0.0041,0.004,0.0038,0.0037,0.0056,0.0054,0.0052,0.0054,0.0057,0.0063,0.0058,0.0061,0.0041,0.0043,0.0046,0.0043,0.0039,0.0037,0.0039,0.004
attc,0.0036,0.0036,0.0039,0.004,0.0038,0.0038,0.0037,0.0036,0.0054,0.0055,0.0056,0.0053,0.0057,0.0055,0.0056,0.0058,0.0035,0.0037,0.0038,0.0039,0.0037,0.0037,0.0036,0.0037
attg,0.0046,0.0047,0.0051,0.0045,0.0044,0.0042,0.0044,0.0044,0.0058,0.0058,0.0051,0.0051,0.005,0.0054,0.0053,0.0052,0.0044,0.0042,0.0044,0.0038,0.0036,0.0034,0.004,0.0042
attt,0.0051,0.0053,0.0062,0.0061,0.0055,0.0055,0.0052,0.0055,0.0074,0.0077,0.0075,0.0073,0.0073,0.0077,0.0079,0.0075,0.0053,0.0053,0.0058,0.0058,0.0051,0.005,0.0051,0.0055
caaa,0.005,0.0051,0.0053,0.0056,0.0053,0.0052,0.0053,0.0048,0.0056,0.0058,0.0059,0.006,0.0064,0.0069,0.0074,0.0072,0.0043,0.0045,0.0049,0.005,0.0049,0.0049,0.0045,0.0044
caac,0.0044,0.0046,0.0047,0.005,0.0049,0.0053,0.0046,0.0043,0.0036,0.0042,0.0041,0.0046,0.0046,0.0043,0.0046,0.0045,0.0035,0.0036,0.0041,0.0044,0.0043,0.0045,0.0039,0.0037
caag,0.0019,0.0019,0.0023,0.0022,0.0022,0.0022,0.0021,0.002,0.0043,0.0045,0.0048,0.0045,0.0048,0.005,0.0049,0.0052,0.0017,0.0017,0.002,0.0021,0.0019,0.002,0.0018,0.0018
caat,0.0039,0.0043,0.0048,0.005,0.0048,0.005,0.0042,0.0041,0.0054,0.0055,0.0053,0.0051,0.0053,0.0058,0.0056,0.0059,0.0034,0.0037,0.0044,0.0045,0.0045,0.0041,0.0037,0.0037
caca,0.0025,0.0025,0.0028,0.0032,0.0031,0.0031,0.0028,0.0025,0.0019,0.002,0.0021,0.0023,0.0022,0.0024,0.0024,0.0025,0.0019,0.0019,0.0025,0.0028,0.0028,0.0028,0.002,0.0023
cacc,0.0045,0.0046,0.0046,0.0055,0.0058,0.0055,0.0055,0.0045,0.0021,0.0022,0.0022,0.0024,0.0021,0.0024,0.0024,0.0025,0.0033,0.0031,0.0036,0.0048,0.0048,0.0046,0.0038,0.0036
cacg,0.0031,0.0033,0.0031,0.0036,0.004,0.004,0.0037,0.0034,0.001,0.001,0.0012,0.0012,0.0011,0.0009,0.001,0.0011,0.0029,0.0029,0.0032,0.0037,0.0041,0.0041,0.0034,0.0031
cact,0.0028,0.0027,0.0031,0.0033,0.0034,0.0031,0.0029,0.0025,0.0031,0.0033,0.0033,0.0032,0.0032,0.0033,0.0033,0.0034,0.0019,0.0019,0.0023,0.0025,0.0025,0.0024,0.0021,0.0023
caga,0.0044,0.0048,0.0047,0.0046,0.0047,0.0051,0.0048,0.0049,0.0032,0.003,0.0026,0.0033,0.004,0.004,0.0039,0.0037,0.0041,0.0043,0.0043,0.0044,0.0045,0.005,0.0041,0.0046
cagc,0.0076,0.008,0.0073,0.0081,0.0089,0.0086,0.0083,0.008,0.0024,0.0028,0.0027,0.0027,0.0028,0.0028,0.0034,0.0032,0.0073,0.0073,0.0069,0.0088,0.0091,0.0087,0.0076,0.0074
cagg,0.0053,0.0058,0.0053,0.0049,0.0051,0.0053,0.0052,0.0058,0.0027,0.0028,0.0028,0.0031,0.003,0.0027,0.0029,0.003,0.0057,0.0059,0.0054,0.0053,0.0054,0.0055,0.0056,0.0059
cagt,0.0041,0.0046,0.0046,0.0046,0.0045,0.0045,0.0041,0.0044,0.0025,0.0029,0.0026,0.0027,0.0027,0.0028,0.0029,0.0029,0.0036,0.0038,0.004,0.0039,0.0039,0.0041,0.0035,0.0039
cata,0.0026,0.0027,0.0031,0.0031,0.003,0.0029,0.0029,0.0028,0.0038,0.0042,0.0042,0.0042,0.0043,0.0045,0.0046,0.0043,0.0027,0.0028,0.0034,0.0036,0.0033,0.0034,0.0027,0.0028
catc,0.0051,0.0051,0.0055,0.0061,0.0061,0.0062,0.006,0.0054,0.0037,0.0039,0.0039,0.0038,0.0036,0.0034,0.0037,0.0041,0.0044,0.0048,0.0053,0.0061,0.006,0.0059,0.0051,0.0048
catg,0.0033,0.0032,0.0034,0.0034,0.0033,0.0033,0.0032,0.0032,0.0028,0.0027,0.0027,0.0027,0.0027,0.0028,0.0027,0.0029,0.0033,0.0034,0.0035,0.0033,0.0032,0.0035,0.0033,0.0034
catt,0.0043,0.0046,0.0053,0.0051,0.0049,0.0047,0.0045,0.0044,0.0046,0.0049,0.0048,0.0049,0.0045,0.0051,0.0051,0.0053,0.0039,0.0043,0.0049,0.0047,0.0046,0.0044,0.0042,0.0041
ccaa,0.0026,0.0027,0.0029,0.0032,0.0032,0.0032,0.0029,0.0027,0.005,0.0054,0.0054,0.0054,0.0055,0.0057,0.0056,0.0062,0.0022,0.0023,0.0028,0.0032,0.0031,0.003,0.0026,0.0024
ccac,0.0034,0.0036,0.0037,0.0044,0.0047,0.0044,0.0043,0.0034,0.0027,0.0029,0.0031,0.003,0.0028,0.0031,0.0029,0.0032,0.0027,0.0028,0.0032,0.0043,0.0044,0.0042,0.0033,0.0031
ccag,0.0065,0.0073,0.0068,0.0076,0.0079,0.0082,0.0075,0.0074,0.0038,0.0041,0.0036,0.0038,0.0042,0.004,0.004,0.0042,0.0063,0.0066,0.0067,0.0079,0.0082,0.0081,0.0068,0.0062
ccat,0.004,0.004,0.0043,0.0046,0.0047,0.0045,0.0043,0.0041,0.0039,0.0043,0.004,0.0043,0.0037,0.004,0.0041,0.0042,0.0037,0.004,0.0044,0.0048,0.0047,0.0049,0.0041,0.0038
ccca,0.0025,0.0026,0.0027,0.0031,0.0035,0.0033,0.0031,0.0028,0.0037,0.0041,0.0038,0.0038,0.0043,0.0044,0.0042,0.0044,0.0023,0.0024,0.0028,0.0034,0.0035,0.0035,0.0028,0.0024
cccc,0.0015,0.0015,0.0017,0.0024,0.0024,0.0022,0.002,0.0016,0.0029,0.0029,0.0027,0.0028,0.0028,0.0029,0.003,0.0027,0.0015,0.0014,0.0023,0.0028,0.0029,0.0027,0.0018,0.0017
cccg,0.0035,0.0033,0.0032,0.0038,0.0037,0.0036,0.0037,0.0032,0.0013,0.0011,0.001,0.0013,0.001,0.0011,0.0012,0.001,0.0035,0.0035,0.0037,0.0043,0.0041,0.004,0.0039,0.0036
ccct,0.0016,0.0016,0.0018,0.0025,0.0023,0.0021,0.0021,0.0016,0.0042,0.0044,0.0049,0.0047,0.0043,0.0041,0.0041,0.0045,0.0017,0.0015,0.0022,0.0026,0.0025,0.0024,0.0019,0.0021
ccga,0.0036,0.0034,0.0031,0.0034,0.0034,0.0033,0.0035,0.0036,0.0016,0.0014,0.0014,0.0016,0.0012,0.0013,0.0012,0.0013,0.0037,0.0036,0.0033,0.0035,0.0036,0.0037,0.0037,0.0036
ccgc,0.006,0.006,0.0056,0.0064,0.0066,0.0064,0.0068,0.0056,0.001,0.001,0.0011,0.0011,0.0008,0.001,0.001,0.001,0.0064,0.0067,0.0068,0.0079,0.0082,0.0077,0.0075,0.0058
ccgg,0.0057,0.0054,0.0047,0.005,0.0054,0.005,0.0054,0.0053,0.001,0.0006,0.0007,0.001,0.0007,0.0007,0.0007,0.0005,0.0065,0.0064,0.0058,0.0062,0.0064,0.0061,0.0064,0.006
ccgt,0.0041,0.0039,0.0036,0.0039,0.0039,0.0039,0.004,0.004,0.0014,0.0013,0.0014,0.0015,0.0012,0.0011,0.0013,0.0012,0.0043,0.004,0.0041,0.0043,0.0045,0.0042,0.0043,0.004
ccta,0.0009,0.0007,0.0009,0.0009,0.0009,0.001,0.001,0.0008,0.0032,0.0034,0.0033,0.0031,0.0034,0.0035,0.0036,0.0037,0.0009,0.0009,0.0011,0.0011,0.0011,0.0011,0.0011,0.0009
cctc,0.0017,0.0015,0.0016,0.002,0.0018,0.0019,0.0018,0.0017,0.005,0.0055,0.006,0.0058,0.0052,0.005,0.0051,0.0056,0.0017,0.0016,0.0022,0.0024,0.0023,0.0022,0.002,0.002
cctg,0.0053,0.0052,0.0049,0.0053,0.0056,0.0054,0.0058,0.005,0.0032,0.0032,0.0029,0.003,0.0025,0.0028,0.0025,0.0026,0.0053,0.0054,0.0054,0.0056,0.0056,0.0056,0.0056,0.0055
cctt,0.0026,0.0026,0.0028,0.0032,0.003,0.0033,0.003,0.0029,0.0061,0.0069,0.007,0.0065,0.0064,0.0055,0.0061,0.0063,0.0027,0.0026,0.003,0.0031,0.0031,0.0032,0.0028,0.0028
cgaa,0.0044,0.0042,0.004,0.0039,0.0039,0.0041,0.0042,0.0041,0.0021,0.002,0.0021,0.0022,0.0022,0.0021,0.0021,0.0021,0.0044,0.0043,0.0039,0.0039,0.0037,0.0041,0.0041,0.0039
cgac,0.0039,0.0036,0.0033,0.0037,0.0038,0.0038,0.0038,0.0038,0.0009,0.0009,0.001,0.001,0.0008,0.001,0.0008,0.0009,0.0042,0.0041,0.0038,0.0041,0.0044,0.0042,0.0042,0.0038
cgag,0.0022,0.0023,0.0021,0.0021,0.0023,0.0021,0.0023,0.0025,0.0019,0.0021,0.0022,0.0021,0.0019,0.0017,0.0016,0.0018,0.0022,0.0023,0.002,0.002,0.0019,0.0021,0.0023,0.0023
cgat,0.0055,0.0054,0.0049,0.0051,0.0052,0.0053,0.0052,0.0053,0.0016,0.0014,0.0017,0.0018,0.0016,0.0016,0.0016,0.0016,0.006,0.0057,0.0051,0.0053,0.0054,0.0053,0.0058,0.0053
cgca,0.0053,0.0054,0.0052,0.0055,0.0059,0.0058,0.0057,0.0052,0.0006,0.0008,0.0009,0.0009,0.0009,0.0009,0.001,0.001,0.005,0.0054,0.0054,0.0058,0.006,0.0058,0.0054,0.0048
cgcc,0.0069,0.007,0.0064,0.0081,0.0085,0.0081,0.0085,0.0071,0.0008,0.0008,0.001,0.0011,0.0008,0.0008,0.0008,0.0009,0.0083,0.009,0.0093,0.0112,0.0121,0.0111,0.0098,0.0076
cgcg,0.0062,0.0063,0.0053,0.0058,0.0063,0.0061,0.0064,0.0063,0.0003,0.0003,0.0005,0.0004,0.0002,0.0002,0.0002,0.0003,0.0081,0.0084,0.0072,0.008,0.0085,0.008,0.0086,0.0066
cgct,0.0059,0.0059,0.0053,0.0057,0.0058,0.006,0.0059,0.0056,0.0015,0.0016,0.0019,0.0017,0.0014,0.0014,0.0013,0.0014,0.0069,0.0067,0.0066,0.0067,0.0071,0.0068,0.0072,0.0061
cgga,0.0037,0.0038,0.0035,0.0034,0.0037,0.0036,0.0037,0.0039,0.0011,0.001,0.0013,0.0015,0.0015,0.0013,0.0015,0.0012,0.0046,0.0044,0.0039,0.0038,0.0041,0.0041,0.0042,0.0041
cggc,0.0067,0.0062,0.0055,0.006,0.0064,0.0062,0.0065,0.0064,0.0012,0.0011,0.0014,0.0013,0.001,0.0009,0.0009,0.0008,0.0085,0.0084,0.0075,0.0079,0.0087,0.008,0.0085,0.0071
cggg,0.004,0.0037,0.0034,0.003,0.0034,0.0032,0.0036,0.0038,0.0014,0.0011,0.0011,0.0015,0.0009,0.001,0.001,0.0009,0.0045,0.0043,0.0036,0.0035,0.0038,0.0036,0.0041,0.0041
cggt,0.0057,0.0057,0.0049,0.0052,0.0052,0.0052,0.0051,0.0056,0.0009,0.001,0.0009,0.0011,0.0009,0.0009,0.0008,0.0007,0.0057,0.0056,0.0048,0.0048,0.0051,0.005,0.0057,0.0053
cgta,0.0034,0.0032,0.0029,0.0029,0.0029,0.003,0.003,0.0033,0.0014,0.0016,0.0014,0.0017,0.0014,0.0014,0.0014,0.0013,0.0036,0.0034,0.0034,0.0032,0.0033,0.0033,0.0034,0.0034
cgtc,0.004,0.0039,0.0037,0.0038,0.004,0.0041,0.0039,0.004,0.0011,0.0013,0.0014,0.0016,0.0011,0.001,0.001,0.0011,0.0045,0.0046,0.0044,0.005,0.0052,0.005,0.0048,0.0043
cgtg,0.0042,0.0037,0.0033,0.0031,0.0032,0.0033,0.0036,0.0039,0.001,0.0011,0.0012,0.0014,0.001,0.0009,0.0009,0.0009,0.004,0.0036,0.0031,0.0028,0.0031,0.0032,0.0036,0.0037
cgtt,0.0052,0.0054,0.0051,0.0051,0.0051,0.0053,0.0051,0.0053,0.0024,0.0025,0.0027,0.0027,0.0023,0.0021,0.002,0.0022,0.0055,0.0055,0.0054,0.0049,0.0052,0.0052,0.0055,0.0053
ctaa,0.0015,0.0015,0.0017,0.0017,0.0016,0.0016,0.0017,0.0016,0.0049,0.0045,0.0048,0.0044,0.0048,0.0051,0.005,0.0049,0.0016,0.0017,0.0018,0.0017,0.0017,0.0016,0.0015,0.0018
ctac,0.002,0.0018,0.0019,0.0019,0.002,0.0021,0.0021,0.0019,0.0028,0.003,0.0029,0.003,0.003,0.0029,0.0029,0.0031,0.0019,0.0018,0.0021,0.0021,0.0021,0.0021,0.0022,0.002
ctag,0.0002,0.0001,0.0002,0.0002,0.0002,0.0002,0.0002,0.0002,0.0028,0.0028,0.0027,0.0024,0.003,0.0028,0.0029,0.0032,0.0002,0.0002,0.0002,0.0002,0.0002,0.0003,0.0002,0.0002
ctat,0.002,0.0019,0.0023,0.0019,0.002,0.0019,0.0021,0.0018,0.0053,0.0054,0.0053,0.0048,0.0047,0.0049,0.0048,0.0048,0.0026,0.0026,0.0029,0.0023,0.0023,0.0022,0.0025,0.0024
ctca,0.0024,0.0023,0.0024,0.0029,0.0028,0.0029,0.0026,0.0024,0.0041,0.0043,0.0048,0.0046,0.0046,0.0046,0.0048,0.0054,0.0021,0.0022,0.0028,0.0031,0.003,0.0028,0.0023,0.0028
ctcc,0.002,0.0018,0.0019,0.0022,0.0022,0.0021,0.0021,0.0021,0.0057,0.0063,0.0065,0.0062,0.0057,0.0057,0.0056,0.0059,0.0019,0.0019,0.0023,0.0027,0.0027,0.0025,0.0022,0.0023
ctcg,0.0024,0.0022,0.0021,0.0022,0.0023,0.0023,0.0024,0.0023,0.0018,0.0021,0.0022,0.0024,0.002,0.0018,0.0017,0.002,0.002,0.002,0.0021,0.0023,0.0024,0.0023,0.0022,0.0021
ctct,0.0021,0.0021,0.0022,0.0024,0.0023,0.0026,0.0024,0.0023,0.0078,0.0081,0.0086,0.0072,0.0068,0.0066,0.0072,0.0071,0.002,0.002,0.0025,0.0025,0.0023,0.0024,0.0021,0.0023
ctga,0.0058,0.0053,0.0053,0.0054,0.0048,0.005,0.0053,0.0052,0.0032,0.003,0.003,0.0032,0.0026,0.0028,0.0026,0.0026,0.0052,0.0049,0.005,0.0048,0.0046,0.0049,0.0051,0.0057
ctgc,0.0064,0.0058,0.0056,0.0061,0.0065,0.0061,0.0065,0.0057,0.0026,0.0026,0.0025,0.0025,0.002,0.0024,0.0025,0.0026,0.0058,0.0053,0.0055,0.0063,0.0062,0.0062,0.0061,0.0058
ctgg,0.0081,0.008,0.0072,0.0069,0.0067,0.0066,0.0074,0.0074,0.0041,0.0042,0.0042,0.0039,0.0039,0.0035,0.0038,0.004,0.0081,0.008,0.0071,0.0064,0.0063,0.0064,0.0081,0.0073
ctgt,0.0038,0.0036,0.0037,0.0036,0.0035,0.0034,0.0035,0.0035,0.0029,0.0027,0.0027,0.0027,0.0024,0.0025,0.0024,0.0021,0.0037,0.0037,0.0037,0.0034,0.0034,0.0033,0.0037,0.0038
ctta,0.0021,0.0019,0.0023,0.0021,0.0021,0.0023,0.0021,0.0021,0.0049,0.0047,0.0054,0.0046,0.0055,0.0049,0.0049,0.0047,0.0021,0.0021,0.0024,0.0022,0.0022,0.0023,0.0021,0.0022
cttc,0.0042,0.004,0.0041,0.0046,0.005,0.0053,0.0045,0.0045,0.0073,0.0086,0.0085,0.0078,0.0075,0.0069,0.0071,0.0079,0.0036,0.0035,0.0039,0.004,0.0047,0.0049,0.0038,0.0039
cttg,0.0021,0.0021,0.0023,0.002,0.002,0.0021,0.0019,0.0021,0.0052,0.0052,0.005,0.005,0.0047,0.0047,0.0048,0.0046,0.0019,0.0019,0.002,0.0018,0.0018,0.002,0.0018,0.0021
cttt,0.0044,0.0048,0.0049,0.0055,0.0052,0.0053,0.005,0.0049,0.0097,0.0101,0.0103,0.0094,0.0092,0.0085,0.0083,0.0089,0.0045,0.0046,0.0051,0.0053,0.0053,0.0052,0.0047,0.0051
gaaa,0.0061,0.0061,0.0064,0.0056,0.0056,0.0056,0.006,0.0058,0.0083,0.0072,0.0071,0.007,0.0088,0.009,0.0091,0.0082,0.006,0.006,0.0056,0.0054,0.0049,0.0052,0.0057,0.006
gaac,0.0039,0.0038,0.0039,0.0037,0.0037,0.0041,0.0039,0.0038,0.0036,0.0038,0.0037,0.0038,0.004,0.0039,0.004,0.0038,0.0037,0.0035,0.0033,0.0033,0.0035,0.0037,0.0037,0.0036
gaag,0.0051,0.0048,0.0043,0.0038,0.0041,0.0044,0.0046,0.0049,0.0079,0.0069,0.007,0.0073,0.0083,0.0081,0.0079,0.0078,0.0048,0.0043,0.0038,0.0034,0.0033,0.0039,0.0042,0.0044
gaat,0.0037,0.0039,0.0039,0.0038,0.0037,0.0036,0.0036,0.0037,0.0056,0.0057,0.0053,0.0054,0.0058,0.0055,0.0057,0.0054,0.0037,0.0038,0.0037,0.0038,0.0035,0.0037,0.0036,0.0038
gaca,0.0027,0.0028,0.003,0.0031,0.0028,0.0027,0.0027,0.0027,0.0023,0.0023,0.0021,0.0024,0.0025,0.0026,0.0027,0.0027,0.0027,0.0028,0.0032,0.003,0.003,0.003,0.0027,0.0031
gacc,0.0031,0.003,0.0028,0.0028,0.0029,0.003,0.003,0.003,0.0014,0.0012,0.0014,0.0013,0.0013,0.0014,0.0015,0.0016,0.0031,0.003,0.0028,0.0029,0.003,0.0032,0.0031,0.003
gacg,0.0044,0.004,0.0035,0.0037,0.004,0.004,0.004,0.0041,0.001,0.0011,0.0012,0.0013,0.0012,0.0012,0.0012,0.0011,0.0053,0.0052,0.0042,0.0043,0.0047,0.0046,0.0048,0.0048
gact,0.0022,0.002,0.0021,0.0021,0.002,0.0021,0.0019,0.002,0.0028,0.0028,0.0029,0.0027,0.0026,0.0027,0.0024,0.0024,0.0022,0.002,0.0021,0.002,0.0019,0.002,0.0019,0.0022
gaga,0.0026,0.0024,0.0025,0.0023,0.0025,0.0025,0.0025,0.0028,0.0067,0.0062,0.0065,0.0064,0.0075,0.0071,0.0072,0.0072,0.0024,0.0025,0.0023,0.0022,0.0022,0.0025,0.0025,0.0028
gagc,0.003,0.0029,0.0028,0.0024,0.0028,0.0025,0.0028,0.0031,0.0037,0.0035,0.0037,0.0041,0.004,0.0039,0.0038,0.0038,0.0034,0.0032,0.0029,0.0026,0.0026,0.0028,0.0033,0.0034
gagg,0.0019,0.0019,0.0018,0.0015,0.0017,0.0015,0.0016,0.002,0.0057,0.0048,0.0054,0.0057,0.0056,0.0052,0.0049,0.0054,0.0022,0.0023,0.002,0.0018,0.0017,0.0018,0.002,0.0026
gagt,0.0021,0.0022,0.0022,0.0019,0.002,0.002,0.002,0.0022,0.0042,0.0038,0.0038,0.0039,0.004,0.004,0.0038,0.004,0.002,0.0021,0.0018,0.0016,0.0016,0.0019,0.0018,0.0021
gata,0.0042,0.0043,0.0044,0.0045,0.0042,0.0044,0.0044,0.0046,0.0045,0.0045,0.0044,0.0047,0.005,0.005,0.0051,0.0045,0.0049,0.0047,0.0049,0.0048,0.0046,0.0046,0.0048,0.005
gatc,0.0041,0.0042,0.0038,0.004,0.0041,0.0043,0.0042,0.0043,0.0023,0.0023,0.0023,0.0023,0.0023,0.002,0.0023,0.0023,0.004,0.0039,0.0036,0.0037,0.004,0.0041,0.004,0.0039
gatg,0.0063,0.006,0.0058,0.0052,0.0052,0.0052,0.0056,0.006,0.0042,0.0033,0.0034,0.0039,0.0038,0.004,0.0038,0.0038,0.0062,0.0057,0.0051,0.0046,0.0046,0.005,0.0058,0.0059
gatt,0.0046,0.0045,0.0047,0.0045,0.0043,0.0043,0.0045,0.0045,0.0043,0.0043,0.0042,0.0045,0.0044,0.0044,0.0042,0.0042,0.0045,0.0045,0.0041,0.004,0.0037,0.0038,0.0044,0.0045
gcaa,0.0056,0.0058,0.0059,0.0063,0.0061,0.0059,0.0056,0.0054,0.004,0.0039,0.004,0.004,0.0045,0.0046,0.0049,0.0049,0.0046,0.0048,0.0051,0.0051,0.0051,0.005,0.0048,0.0045
gcac,0.0039,0.0037,0.0036,0.0041,0.0043,0.0041,0.004,0.0036,0.0012,0.0012,0.0014,0.0014,0.0012,0.0014,0.0013,0.0014,0.0026,0.0025,0.0028,0.0033,0.0034,0.0034,0.0029,0.003
gcag,0.0065,0.007,0.006,0.0057,0.0061,0.0061,0.0061,0.0067,0.0024,0.0023,0.0022,0.0024,0.0027,0.0025,0.0032,0.0027,0.0062,0.0064,0.0054,0.0057,0.0058,0.0062,0.0059,0.0062
gcat,0.0044,0.0045,0.005,0.0047,0.0047,0.0047,0.0048,0.0045,0.0029,0.003,0.0029,0.003,0.003,0.0031,0.0033,0.0032,0.0042,0.0044,0.0048,0.0048,0.0047,0.0045,0.0044,0.0042
gcca,0.006,0.0066,0.0066,0.0073,0.0074,0.0072,0.0071,0.0065,0.0026,0.0028,0.0027,0.0031,0.003,0.003,0.0029,0.0031,0.0059,0.0062,0.0067,0.0076,0.0077,0.0075,0.0065,0.0059
gccc,0.003,0.0029,0.0028,0.004,0.0041,0.0037,0.0037,0.003,0.0022,0.0022,0.0022,0.0025,0.0021,0.0022,0.0022,0.0023,0.003,0.003,0.0035,0.0046,0.0046,0.0042,0.0035,0.0031
gccg,0.0067,0.0063,0.0054,0.0058,0.0062,0.006,0.0064,0.0064,0.0015,0.001,0.0012,0.0013,0.0011,0.001,0.001,0.0011,0.0082,0.0081,0.0073,0.008,0.0085,0.0078,0.0086,0.007
gcct,0.0037,0.0035,0.0033,0.0036,0.0037,0.0037,0.0039,0.0037,0.0032,0.0033,0.0033,0.0031,0.0032,0.0028,0.0031,0.003,0.0039,0.0041,0.0042,0.0041,0.0045,0.0043,0.0043,0.0037
gcga,0.006,0.0059,0.0054,0.0051,0.0053,0.005,0.0054,0.0057,0.0013,0.0012,0.0014,0.0015,0.0011,0.0012,0.0012,0.0012,0.0069,0.0068,0.0057,0.0057,0.0057,0.0056,0.0065,0.0057
gcgc,0.0077,0.0078,0.0067,0.0072,0.0079,0.0074,0.008,0.0078,0.0004,0.0004,0.0006,0.0005,0.0003,0.0004,0.0003,0.0003,0.0106,0.0111,0.0097,0.0104,0.0113,0.0103,0.0111,0.0087
gcgg,0.0068,0.0068,0.0055,0.0055,0.006,0.0055,0.0062,0.0067,0.0011,0.0009,0.001,0.0012,0.0009,0.0009,0.0008,0.0008,0.0084,0.0082,0.0065,0.0063,0.007,0.0065,0.0081,0.0069
gcgt,0.0062,0.006,0.0052,0.0051,0.0051,0.0052,0.0056,0.0061,0.001,0.001,0.0011,0.0013,0.0009,0.0008,0.0008,0.0009,0.0069,0.0068,0.006,0.0056,0.006,0.0058,0.0067,0.0062
gcta,0.0022,0.0022,0.0024,0.0023,0.0023,0.0023,0.0024,0.0022,0.0036,0.0034,0.0033,0.0032,0.0034,0.0035,0.0033,0.0036,0.0028,0.0028,0.0028,0.0027,0.0027,0.0026,0.0027,0.0025
gctc,0.0028,0.0027,0.0025,0.0029,0.0032,0.0032,0.0029,0.0029,0.0038,0.0039,0.0043,0.0039,0.0036,0.0037,0.0036,0.0038,0.0025,0.0027,0.0029,0.0034,0.0035,0.0034,0.0029,0.0031
gctg,0.0092,0.0083,0.0074,0.0075,0.0073,0.0071,0.0082,0.008,0.0031,0.0027,0.0028,0.0031,0.0026,0.0027,0.0028,0.0027,0.0088,0.0081,0.0073,0.0072,0.0073,0.0072,0.0091,0.008
gctt,0.0042,0.0042,0.0042,0.0042,0.0045,0.0045,0.0042,0.0042,0.0051,0.0053,0.0056,0.0051,0.005,0.0049,0.0045,0.0045,0.0043,0.0042,0.0045,0.0042,0.0046,0.005,0.0042,0.0044
ggaa,0.0044,0.0046,0.0045,0.0039,0.0042,0.0043,0.0044,0.0045,0.0075,0.0069,0.0065,0.0069,0.0082,0.0077,0.0076,0.0074,0.0049,0.0046,0.0041,0.0039,0.004,0.0042,0.0045,0.0044
ggac,0.0019,0.0017,0.0018,0.0017,0.0017,0.0017,0.0018,0.0019,0.0018,0.0019,0.0019,0.0019,0.0018,0.0019,0.002,0.0019,0.0024,0.0022,0.002,0.002,0.0019,0.0021,0.0022,0.0023
ggag,0.0023,0.0022,0.0022,0.0017,0.002,0.0019,0.002,0.0023,0.0062,0.0054,0.0059,0.0063,0.0065,0.006,0.0064,0.006,0.0027,0.0026,0.0022,0.0019,0.002,0.0021,0.0024,0.0029
ggat,0.0039,0.0042,0.004,0.0037,0.0037,0.0038,0.0038,0.0042,0.0044,0.0042,0.0041,0.0047,0.0042,0.0042,0.0042,0.0041,0.0045,0.0046,0.0042,0.0037,0.0037,0.0039,0.0043,0.0045
ggca,0.0062,0.0062,0.0059,0.0058,0.0059,0.0055,0.0058,0.006,0.0028,0.0028,0.0028,0.0029,0.0029,0.0027,0.0029,0.0026,0.0053,0.0051,0.0052,0.0051,0.0054,0.0052,0.0053,0.0052
ggcc,0.0029,0.0028,0.0024,0.0025,0.0025,0.0027,0.0029,0.0029,0.003,0.0025,0.0027,0.0027,0.0024,0.0022,0.0022,0.0025,0.0037,0.0036,0.0034,0.0035,0.0036,0.0035,0.0039,0.0034
ggcg,0.009,0.0083,0.0069,0.0065,0.0067,0.0064,0.0075,0.0082,0.0011,0.0009,0.0011,0.0012,0.0008,0.0009,0.0007,0.0007,0.0119,0.0118,0.0091,0.0083,0.0089,0.0083,0.0112,0.0094
ggct,0.0041,0.0038,0.0037,0.0037,0.0038,0.0035,0.0038,0.0039,0.0034,0.0033,0.0034,0.0035,0.003,0.003,0.0026,0.003,0.0043,0.0041,0.0039,0.0037,0.0038,0.004,0.0042,0.0041
ggga,0.0027,0.0026,0.0026,0.0021,0.0022,0.0022,0.0024,0.0027,0.0056,0.005,0.0047,0.0053,0.0052,0.005,0.0048,0.0046,0.0031,0.003,0.0027,0.0022,0.0022,0.0024,0.0027,0.0031
gggc,0.0041,0.0038,0.0033,0.0027,0.0028,0.0028,0.0033,0.0036,0.0027,0.0025,0.0024,0.0028,0.0021,0.002,0.0019,0.0019,0.0046,0.0045,0.0035,0.0029,0.0032,0.0032,0.0042,0.004
gggg,0.0025,0.0023,0.0022,0.0014,0.0015,0.0013,0.0018,0.0022,0.004,0.003,0.0028,0.0033,0.0027,0.0026,0.0024,0.0024,0.003,0.0028,0.0023,0.0014,0.0015,0.0015,0.0024,0.0027
gggt,0.0028,0.0028,0.0027,0.0023,0.0025,0.0024,0.0027,0.0029,0.003,0.0027,0.0026,0.0027,0.0023,0.0022,0.0019,0.002,0.0027,0.0028,0.0026,0.0023,0.0024,0.0023,0.0027,0.0028
ggta,0.004,0.0039,0.0035,0.0036,0.0035,0.0035,0.0035,0.004,0.0029,0.0028,0.0028,0.0027,0.0024,0.0027,0.0023,0.0024,0.0041,0.0042,0.0039,0.0036,0.0037,0.0036,0.0039,0.0042
ggtc,0.003,0.0029,0.0027,0.0028,0.0028,0.0029,0.003,0.003,0.0015,0.0015,0.0017,0.0015,0.0015,0.0012,0.0012,0.0013,0.003,0.003,0.0029,0.003,0.003,0.003,0.0032,0.003
ggtg,0.0059,0.0056,0.005,0.0045,0.0044,0.0043,0.0049,0.0056,0.0025,0.0025,0.0022,0.0026,0.0025,0.0023,0.0021,0.0021,0.005,0.0046,0.0036,0.0033,0.0033,0.0035,0.0046,0.0048
ggtt,0.0044,0.0047,0.0045,0.0041,0.0042,0.0043,0.0043,0.0045,0.004,0.0038,0.0036,0.004,0.0036,0.0031,0.003,0.0032,0.0042,0.0042,0.0039,0.0037,0.0038,0.0038,0.0041,0.0044
gtaa,0.0039,0.004,0.004,0.0038,0.0038,0.0037,0.0038,0.004,0.0037,0.0038,0.0036,0.0036,0.0037,0.0037,0.0037,0.0038,0.0038,0.004,0.0042,0.0038,0.0038,0.0036,0.0036,0.004
gtac,0.0026,0.0027,0.0024,0.0025,0.0026,0.0028,0.0025,0.0027,0.0016,0.0018,0.0019,0.0019,0.0016,0.0019,0.0015,0.0014,0.0027,0.0027,0.0025,0.0026,0.0027,0.0028,0.0026,0.0027
gtag,0.0023,0.0021,0.0018,0.0019,0.0019,0.0019,0.0021,0.0024,0.0029,0.0029,0.0028,0.0028,0.0029,0.003,0.0031,0.0027,0.0022,0.0021,0.0018,0.0019,0.002,0.002,0.002,0.0022
gtat,0.0031,0.003,0.003,0.0028,0.0026,0.0027,0.0027,0.0029,0.0036,0.0035,0.0036,0.0033,0.0031,0.0034,0.0033,0.0032,0.0035,0.0034,0.0035,0.0031,0.0029,0.0029,0.0033,0.0035
gtca,0.0038,0.0041,0.0042,0.004,0.0041,0.0041,0.0038,0.0038,0.0021,0.0022,0.0022,0.0022,0.0021,0.0023,0.0021,0.0023,0.0037,0.0038,0.004,0.0042,0.0041,0.0041,0.004,0.0039
gtcc,0.0018,0.0017,0.0017,0.002,0.0017,0.0018,0.0018,0.0017,0.0019,0.0019,0.0021,0.002,0.0018,0.0019,0.0017,0.0018,0.002,0.0021,0.0021,0.0022,0.0023,0.0024,0.0019,0.002
gtcg,0.0038,0.0037,0.0035,0.0035,0.0037,0.0039,0.0037,0.004,0.001,0.0011,0.001,0.0011,0.001,0.0008,0.0008,0.0008,0.0042,0.0042,0.0038,0.0041,0.0043,0.0043,0.0043,0.0039
gtct,0.0024,0.0022,0.0023,0.0021,0.0022,0.0021,0.0021,0.0023,0.0027,0.0028,0.003,0.0027,0.0026,0.0022,0.0024,0.0024,0.0026,0.0026,0.0025,0.0024,0.0023,0.0023,0.0025,0.0026
gtga,0.0046,0.0043,0.0042,0.0038,0.0037,0.0036,0.0041,0.0045,0.0028,0.0029,0.0028,0.0028,0.0028,0.0027,0.0026,0.0025,0.0042,0.0038,0.0034,0.003,0.0029,0.0032,0.0036,0.0042
gtgc,0.0042,0.0041,0.0038,0.0036,0.0037,0.0037,0.0037,0.0042,0.0014,0.0013,0.0015,0.0014,0.0012,0.0013,0.0013,0.0013,0.0033,0.0032,0.0027,0.0025,0.0028,0.003,0.0032,0.0032
gtgg,0.0048,0.0045,0.004,0.0035,0.0032,0.0033,0.0039,0.0045,0.0032,0.0032,0.003,0.0033,0.0032,0.0028,0.0026,0.0027,0.0045,0.0042,0.0033,0.0027,0.0027,0.003,0.004,0.0042
gtgt,0.0026,0.0025,0.0025,0.0021,0.0021,0.0022,0.0021,0.0026,0.0022,0.0022,0.0018,0.0021,0.0017,0.0021,0.0016,0.0017,0.0022,0.0023,0.0019,0.0018,0.0016,0.0019,0.002,0.0024
gtta,0.0037,0.0038,0.0042,0.0039,0.0036,0.0037,0.0037,0.0036,0.0044,0.004,0.0042,0.0041,0.0042,0.0041,0.0041,0.0042,0.0036,0.0039,0.0038,0.0035,0.0033,0.0033,0.0036,0.0037
gttc,0.0037,0.0039,0.0038,0.0038,0.0039,0.0041,0.0039,0.004,0.0042,0.0042,0.0039,0.0039,0.0037,0.0039,0.0033,0.0033,0.0036,0.0035,0.0035,0.0035,0.0037,0.004,0.0035,0.0038
gttg,0.005,0.0052,0.0048,0.0045,0.0045,0.0043,0.0043,0.0051,0.0047,0.0046,0.0042,0.0044,0.0045,0.0042,0.004,0.0044,0.0044,0.0043,0.0039,0.0034,0.0036,0.0036,0.0041,0.0045
gttt,0.0053,0.0055,0.0056,0.0055,0.0054,0.0053,0.0053,0.0055,0.0052,0.0056,0.0051,0.0052,0.0043,0.0042,0.0044,0.0043,0.0053,0.0053,0.0052,0.0048,0.0048,0.0048,0.0052,0.0053
taaa,0.0046,0.0048,0.0052,0.0049,0.0047,0.0046,0.0049,0.0048,0.0071,0.0069,0.0069,0.0072,0.0075,0.0075,0.0076,0.007,0.0047,0.0051,0.0055,0.0051,0.0049,0.0047,0.0048,0.0051
taac,0.0035,0.0038,0.0039,0.0039,0.0038,0.0041,0.0037,0.0036,0.0037,0.0043,0.0043,0.0039,0.0041,0.0041,0.0045,0.0043,0.0034,0.0035,0.0039,0.0038,0.0037,0.0035,0.0035,0.0035
taag,0.0022,0.0022,0.0023,0.0022,0.0021,0.002,0.0021,0.0023,0.0052,0.0049,0.005,0.0047,0.0051,0.0052,0.0047,0.0051,0.0022,0.0024,0.0025,0.0022,0.0021,0.002,0.0021,0.0024
taat,0.0037,0.0039,0.0046,0.0046,0.0041,0.0039,0.004,0.0041,0.0056,0.0056,0.0055,0.0056,0.0059,0.006,0.0064,0.0059,0.0038,0.0041,0.0047,0.0044,0.004,0.0037,0.0038,0.0043
taca,0.0022,0.0023,0.0025,0.0023,0.0023,0.0024,0.0022,0.0023,0.0033,0.0034,0.0034,0.0035,0.0036,0.004,0.0036,0.0035,0.0022,0.0022,0.0024,0.0023,0.0022,0.0023,0.002,0.0024
tacc,0.0035,0.0036,0.0036,0.0038,0.0038,0.004,0.0036,0.0036,0.0023,0.0026,0.0026,0.0027,0.0026,0.0026,0.0028,0.0029,0.0037,0.0036,0.0039,0.0041,0.0041,0.0042,0.0038,0.0037
tacg,0.003,0.0031,0.0029,0.0029,0.003,0.0034,0.0031,0.0029,0.0014,0.0015,0.0015,0.0016,0.0015,0.0015,0.0013,0.0014,0.0034,0.0034,0.0034,0.0034,0.0034,0.0036,0.0035,0.0032
tact,0.0023,0.0022,0.0024,0.0023,0.0023,0.0023,0.0022,0.0022,0.004,0.0038,0.004,0.004,0.0039,0.0042,0.004,0.004,0.0022,0.0022,0.0024,0.0024,0.0023,0.0022,0.0022,0.0025
taga,0.0012,0.0011,0.0012,0.0013,0.0013,0.0013,0.0012,0.0013,0.0053,0.0046,0.0047,0.0045,0.0054,0.0053,0.0057,0.005,0.0011,0.0012,0.0013,0.0013,0.0012,0.0014,0.0013,0.0014
tagc,0.0022,0.0022,0.0023,0.0023,0.0023,0.0023,0.0022,0.0024,0.0031,0.0032,0.0032,0.0034,0.0036,0.0034,0.0037,0.0034,0.0027,0.0028,0.0028,0.0029,0.0028,0.0028,0.0025,0.0024
tagg,0.001,0.0009,0.0009,0.0008,0.0008,0.0008,0.0009,0.0011,0.0038,0.0034,0.0035,0.0035,0.0033,0.0034,0.0034,0.0031,0.0011,0.0011,0.001,0.0009,0.0009,0.001,0.001,0.0011
tagt,0.0014,0.0015,0.0016,0.0015,0.0014,0.0013,0.0014,0.0015,0.0036,0.0038,0.0036,0.0033,0.0039,0.0037,0.0035,0.0034,0.0013,0.0014,0.0015,0.0014,0.0014,0.0014,0.0013,0.0014
tata,0.0019,0.0019,0.0022,0.002,0.0018,0.002,0.0019,0.0018,0.005,0.0053,0.0051,0.0049,0.0052,0.0054,0.0054,0.0049,0.0023,0.0023,0.0027,0.0025,0.002,0.002,0.0021,0.0024
tatc,0.0044,0.0041,0.0045,0.0043,0.0044,0.0043,0.0045,0.0042,0.0048,0.0049,0.0052,0.0048,0.0045,0.0047,0.0046,0.0048,0.0048,0.0046,0.005,0.0049,0.0049,0.0045,0.0049,0.0047
tatg,0.0031,0.003,0.0031,0.0027,0.0025,0.0027,0.0028,0.0028,0.0046,0.0045,0.0044,0.0041,0.0041,0.0045,0.0043,0.0039,0.0035,0.0035,0.0034,0.0027,0.0026,0.0027,0.0033,0.0032
tatt,0.0044,0.0045,0.0053,0.0048,0.0044,0.0042,0.0042,0.0043,0.007,0.0074,0.007,0.0064,0.0067,0.0068,0.0066,0.0068,0.005,0.005,0.0054,0.0048,0.0043,0.0041,0.0046,0.005
tcaa,0.0037,0.004,0.0044,0.0043,0.0044,0.0047,0.0042,0.0038,0.0058,0.0061,0.0064,0.0062,0.0063,0.0065,0.0066,0.0068,0.0034,0.0036,0.0041,0.0043,0.0042,0.0042,0.0036,0.0038
tcac,0.0035,0.0037,0.0039,0.0045,0.0046,0.0046,0.0043,0.0038,0.0024,0.0026,0.0026,0.0028,0.0027,0.0027,0.0028,0.003,0.003,0.003,0.0035,0.004,0.0041,0.004,0.0033,0.0033
tcag,0.005,0.0053,0.0052,0.0054,0.0056,0.0054,0.0052,0.0054,0.0025,0.0028,0.0027,0.0031,0.003,0.0028,0.0031,0.003,0.0048,0.0049,0.0049,0.0052,0.0052,0.0053,0.0048,0.0055
tcat,0.0042,0.0041,0.0048,0.0049,0.0047,0.0047,0.0045,0.0044,0.0046,0.0049,0.0052,0.0049,0.0048,0.0048,0.0047,0.0054,0.0039,0.0042,0.0047,0.005,0.0047,0.0047,0.0042,0.0042
tcca,0.0033,0.0035,0.0034,0.0039,0.004,0.004,0.0037,0.0036,0.0066,0.0069,0.0067,0.0065,0.0062,0.0064,0.0063,0.007,0.0031,0.0032,0.0035,0.0041,0.0041,0.0043,0.0034,0.0033
tccc,0.0021,0.002,0.0023,0.0027,0.0027,0.0025,0.0024,0.0022,0.0049,0.0052,0.0053,0.0049,0.0049,0.0047,0.0045,0.0048,0.0022,0.0021,0.0027,0.0031,0.0029,0.0029,0.0024,0.0025
tccg,0.0037,0.0036,0.0035,0.0036,0.0037,0.0035,0.0038,0.0036,0.0013,0.0013,0.0016,0.0016,0.0011,0.0011,0.0011,0.0009,0.004,0.004,0.0041,0.0042,0.0044,0.0042,0.0041,0.0039
tcct,0.0023,0.0022,0.0024,0.0024,0.0023,0.0025,0.0025,0.0024,0.0068,0.0075,0.0073,0.0069,0.0065,0.0062,0.0064,0.0068,0.0023,0.0024,0.0026,0.0026,0.0025,0.0025,0.0024,0.0027
tcga,0.0033,0.0033,0.0031,0.0033,0.0034,0.0034,0.0034,0.0034,0.0019,0.002,0.0021,0.0021,0.0022,0.0021,0.0018,0.002,0.0029,0.0028,0.0028,0.0029,0.003,0.0031,0.0029,0.0029
tcgc,0.0053,0.0052,0.0049,0.0057,0.0059,0.0059,0.0056,0.0054,0.0011,0.0012,0.0015,0.0015,0.0012,0.001,0.0011,0.0013,0.0056,0.0059,0.0059,0.0066,0.0071,0.0068,0.0062,0.0053
tcgg,0.0036,0.0033,0.0033,0.0033,0.0035,0.0036,0.0035,0.0036,0.0013,0.0015,0.0015,0.0016,0.0014,0.0011,0.0013,0.0012,0.0036,0.0035,0.0034,0.0035,0.0039,0.0037,0.0037,0.0035
tcgt,0.0032,0.0031,0.0032,0.0031,0.003,0.0034,0.0031,0.0033,0.0018,0.0022,0.0023,0.0023,0.0018,0.0018,0.0015,0.0017,0.0032,0.0032,0.0031,0.0031,0.0032,0.0034,0.0031,0.0033
tcta,0.0012,0.0012,0.0013,0.0011,0.0011,0.0012,0.0013,0.0012,0.0054,0.0054,0.0054,0.0048,0.005,0.0048,0.0051,0.005,0.0013,0.0013,0.0015,0.0013,0.0011,0.0012,0.0013,0.0014
tctc,0.0025,0.0023,0.0024,0.0026,0.0024,0.0026,0.0026,0.0026,0.0071,0.0076,0.008,0.0068,0.0067,0.0063,0.0065,0.0071,0.0023,0.0022,0.0026,0.0026,0.0026,0.0025,0.0024,0.0025
tctg,0.0048,0.0047,0.0047,0.0045,0.0044,0.0045,0.0045,0.0046,0.0038,0.0038,0.0041,0.0036,0.0032,0.0029,0.0034,0.0031,0.0047,0.0046,0.0046,0.0043,0.0039,0.0042,0.0045,0.0048
tctt,0.0032,0.0034,0.0037,0.0038,0.0038,0.004,0.0036,0.0038,0.0098,0.0102,0.0103,0.0093,0.0091,0.0085,0.0085,0.0093,0.0031,0.0032,0.0035,0.0036,0.0037,0.0037,0.0032,0.0036
tgaa,0.0061,0.0057,0.006,0.0051,0.005,0.0052,0.0055,0.0056,0.0067,0.0064,0.0061,0.0063,0.0063,0.0067,0.0064,0.0062,0.0056,0.0052,0.005,0.0045,0.0041,0.0046,0.005,0.0056
tgac,0.0042,0.0042,0.004,0.0042,0.0038,0.0039,0.0038,0.0039,0.0022,0.0022,0.0021,0.0024,0.0022,0.0022,0.0023,0.0021,0.0044,0.0041,0.0041,0.0037,0.0037,0.0038,0.004,0.0044
tgag,0.0027,0.0026,0.0027,0.0024,0.0025,0.0021,0.0024,0.0027,0.0051,0.0046,0.0049,0.005,0.0045,0.0045,0.0041,0.0045,0.0029,0.0028,0.0026,0.0023,0.0023,0.0024,0.0027,0.0032
tgat,0.0063,0.0059,0.0062,0.006,0.0054,0.0055,0.0061,0.0061,0.0041,0.004,0.0036,0.0039,0.0037,0.0037,0.0036,0.0034,0.0057,0.0053,0.0053,0.005,0.0047,0.0049,0.0056,0.0059
tgca,0.0043,0.0044,0.0044,0.0044,0.0042,0.0043,0.0041,0.0041,0.0036,0.0034,0.0033,0.0032,0.0035,0.0036,0.004,0.0038,0.0032,0.0033,0.0033,0.0034,0.0033,0.0035,0.0032,0.0035
tgcc,0.0059,0.0058,0.0058,0.0063,0.0064,0.0058,0.0059,0.0058,0.0028,0.0028,0.0027,0.0028,0.0027,0.0028,0.0029,0.0029,0.0052,0.005,0.0052,0.0054,0.0054,0.0051,0.0054,0.0049
tgcg,0.0058,0.0059,0.0052,0.0052,0.0053,0.0052,0.0054,0.0057,0.001,0.0009,0.0009,0.0011,0.0007,0.0008,0.0007,0.0008,0.0058,0.0057,0.0052,0.005,0.0054,0.0052,0.0058,0.0052
tgct,0.0053,0.0049,0.0047,0.0049,0.0049,0.0046,0.0049,0.0047,0.0045,0.0042,0.0043,0.0038,0.0036,0.0042,0.0038,0.0039,0.0044,0.0042,0.0042,0.0042,0.0042,0.0042,0.0046,0.0047
tgga,0.0039,0.0039,0.0038,0.0032,0.0033,0.0034,0.0035,0.0038,0.0066,0.0063,0.0059,0.0063,0.007,0.0064,0.0067,0.0065,0.0043,0.0041,0.0034,0.0031,0.003,0.0034,0.004,0.004
tggc,0.0075,0.0073,0.0067,0.0065,0.0062,0.0059,0.0067,0.007,0.0033,0.0031,0.003,0.0031,0.0027,0.0027,0.0028,0.0028,0.0077,0.0076,0.0068,0.0059,0.0059,0.006,0.0076,0.0069
tggg,0.0034,0.0031,0.003,0.0025,0.0025,0.0025,0.003,0.0032,0.0047,0.0047,0.0043,0.0044,0.0041,0.0041,0.0037,0.0037,0.0035,0.0034,0.0029,0.0022,0.0023,0.0024,0.0034,0.0032
tggt,0.0057,0.0055,0.0053,0.0049,0.0045,0.0048,0.0051,0.0054,0.0033,0.0032,0.0031,0.0033,0.0028,0.0026,0.0025,0.0027,0.0051,0.0048,0.0042,0.0039,0.0037,0.0039,0.0047,0.0051
tgta,0.0024,0.0023,0.0024,0.0022,0.0022,0.0022,0.0022,0.0024,0.0036,0.0038,0.0036,0.0033,0.0035,0.0035,0.0035,0.0035,0.0022,0.0022,0.0023,0.0022,0.0021,0.0021,0.0022,0.0025
tgtc,0.0029,0.0029,0.0031,0.0028,0.0029,0.0028,0.0025,0.0028,0.0028,0.0028,0.0026,0.0025,0.0022,0.0022,0.0024,0.0023,0.003,0.0031,0.0031,0.0028,0.0029,0.0029,0.0028,0.003
tgtg,0.003,0.0031,0.003,0.0025,0.0025,0.0024,0.0025,0.003,0.0026,0.0025,0.0023,0.0024,0.0021,0.0023,0.0019,0.0021,0.0027,0.0027,0.0024,0.002,0.0018,0.0022,0.0025,0.0029
tgtt,0.0047,0.0048,0.0051,0.0048,0.0045,0.0044,0.0045,0.0048,0.0053,0.0053,0.0047,0.0049,0.004,0.0047,0.0043,0.0043,0.0042,0.0043,0.0042,0.0038,0.0036,0.0037,0.0041,0.0046
ttaa,0.0043,0.0045,0.0051,0.0048,0.0045,0.0045,0.0044,0.0044,0.0066,0.0066,0.0065,0.0066,0.007,0.0068,0.0067,0.0068,0.0041,0.0045,0.005,0.0045,0.0044,0.004,0.0043,0.0044
ttac,0.0037,0.0039,0.0041,0.0041,0.0039,0.0042,0.0037,0.0036,0.0034,0.0033,0.0037,0.0037,0.0038,0.0037,0.0037,0.0038,0.0038,0.0039,0.0041,0.0039,0.0038,0.0039,0.0036,0.0038
ttag,0.0016,0.0015,0.0018,0.0017,0.0016,0.0017,0.0015,0.0015,0.0051,0.0045,0.0045,0.0046,0.0047,0.0049,0.0049,0.0044,0.0016,0.0017,0.0018,0.0017,0.0016,0.0018,0.0015,0.0015
ttat,0.0047,0.0047,0.0054,0.005,0.0045,0.0045,0.0047,0.0046,0.007,0.0073,0.0071,0.0066,0.0068,0.0071,0.0066,0.0067,0.0053,0.0053,0.0054,0.005,0.0046,0.0043,0.005,0.0052
ttca,0.0049,0.005,0.0058,0.006,0.0061,0.0063,0.0055,0.0053,0.0058,0.0063,0.0062,0.0063,0.0064,0.0064,0.0063,0.0063,0.0044,0.0044,0.005,0.0054,0.0056,0.0057,0.0045,0.005
ttcc,0.0039,0.004,0.0041,0.0045,0.0047,0.0046,0.0043,0.0042,0.0077,0.0083,0.0079,0.0073,0.0068,0.0066,0.0067,0.0074,0.0039,0.0041,0.0043,0.0046,0.0046,0.0046,0.0043,0.0041
ttcg,0.004,0.004,0.004,0.0042,0.0045,0.0046,0.0041,0.0044,0.0018,0.0021,0.0024,0.0023,0.0021,0.0019,0.0017,0.0018,0.0039,0.004,0.0039,0.004,0.0044,0.0048,0.0039,0.004
ttct,0.0038,0.0039,0.004,0.0041,0.0039,0.004,0.004,0.004,0.0098,0.0103,0.0104,0.0092,0.0092,0.0085,0.0086,0.0094,0.0035,0.0034,0.0038,0.0036,0.0034,0.0035,0.0035,0.004
ttga,0.0044,0.0044,0.0046,0.0041,0.004,0.004,0.0038,0.0042,0.0072,0.0067,0.0063,0.0066,0.0063,0.0063,0.0063,0.0061,0.0044,0.0041,0.004,0.0036,0.0035,0.0035,0.0039,0.0045
ttgc,0.0057,0.0063,0.006,0.0061,0.006,0.0056,0.0055,0.0058,0.0046,0.0045,0.0043,0.004,0.0042,0.0045,0.0044,0.0044,0.005,0.0051,0.0051,0.0048,0.0048,0.0045,0.005,0.0048
ttgg,0.0032,0.003,0.003,0.0028,0.0026,0.0028,0.0029,0.0032,0.0063,0.0059,0.0055,0.0056,0.0053,0.0053,0.005,0.0051,0.0032,0.0029,0.0027,0.0022,0.0024,0.0024,0.0029,0.003
ttgt,0.0035,0.0038,0.0041,0.0036,0.0035,0.0033,0.0033,0.0037,0.0047,0.0055,0.005,0.0047,0.0044,0.0044,0.0046,0.0046,0.0032,0.0032,0.0033,0.0028,0.0027,0.0028,0.0029,0.0036
ttta,0.0045,0.0048,0.0053,0.0051,0.0047,0.0049,0.0048,0.0046,0.0071,0.0076,0.0071,0.0073,0.007,0.0071,0.007,0.0069,0.0049,0.005,0.0055,0.0052,0.0049,0.0047,0.0048,0.0051
tttc,0.0051,0.0055,0.006,0.0065,0.0063,0.0062,0.0058,0.0058,0.0082,0.0088,0.009,0.0082,0.0076,0.0072,0.0074,0.0079,0.0051,0.0052,0.0058,0.0062,0.0059,0.006,0.0053,0.0057
tttg,0.0053,0.0054,0.0055,0.0055,0.0052,0.0049,0.005,0.0054,0.007,0.007,0.0068,0.0065,0.0061,0.0061,0.0062,0.0059,0.0051,0.0049,0.0048,0.0044,0.0043,0.0043,0.0048,0.0051
tttt,0.0068,0.0076,0.0084,0.0085,0.0075,0.0073,0.0074,0.0078,0.0109,0.0112,0.0116,0.0117,0.0098,0.0093,0.0099,0.0099,0.0076,0.0079,0.0086,0.0085,0.0076,0.0071,0.0075,0.0083